,snapshot_id,sleep,Text,sleep_level
4,9288569235052076487,8.0,"It's been a long two weeks, but Anthony is finally HOME!  We are so grateful for our family and friends for their prayers, support, love, and friendship! üíöüíöüíöüíö",High
5,9288569235052076487,8.0,Thank you! Your prayers worked! Anthony came home today! We're so grateful for all of your support!!,High
6,9288569235052076487,8.0,Please say a prayer for Anthony. Last Wednesday he was admitted to Memorial Hospital with afib. He also has fluid around his heart. This dreaded kidney disease has taken it's toll in Anthony. I pray God will make him well.,High
7,9288569235052076487,9.0,"Just talked with doc. Surgery went well, but because of the blood thinners he is on she had a hard time clotting. He's doing ok, just tired and hungry. Thank you for your prayers and support!",High
8,9288569235052076487,9.0,Back at the hospital for more surgery. Anthony got a MRSA infection in his foot where his big toe was removed. Please say a prayer the doc doesn't have to remove too much of the bone. This guy needs a reprieve.,High
9,9290546826834334269,11.0,Septicflesh... in the flesh! :D . I have waited a very long time to see this INCREDIBLE band. Words cannot describe how happy I was to see them last night. Such an amazing band and show!!! . Bonus: Autographed set list! <3,High
10,9297296870223784228,9.5,12 years and going strong!  Happy Anniversary Alexis Hewes,High
11,9381952670851740549,8.7,"Arrived in Orlando, Florida. Too bad I won‚Äôt have any time to go see the ocean. üòû. Time to get my asset management on at the IAITAM spring conference!",High
12,9381952670851740549,8.7,Another amazingly beautiful day in florida.,High
13,9381952670851740549,8.7,Whew!  Just finished presenting at a session on risk management.  It went really well!   I didn‚Äôt die and no one booed. :),High
14,9381952670851740549,9.333333333333334,"4 years ago today, our flight home was cancelled and we got stuck in Hawaii and extra day. It was one of our favorite days of the whole vacation. :)",High
15,9381952670851740549,9.333333333333334,Look at how skinny I was!  And dirty. Ugh. Moving dirt was a good workout. :),High
18,9476057976865553913,8.5,"Ethan and the rest of these Olathe HS French class students are off for their 16 day 'tour de France'""!  Normandy, Paris, and a few points between.  (He''s 4th from left in the back row)""",High
20,9480035759041961272,8.0,They grow up so fast. üò≠ Star passed her first day of school with flying colors.,High
21,9480781256631966260,8.5,We had lots of shade.   Amazing series of bike paths.  From Margie Dailey Park to Blue Chip Casino   Michigan City.  78 miles nice and slow. Lots of stops.,High
22,9480781256631966260,8.5,Second SAG stop on Le Tour de Shore #2018,High
24,9485960433259318193,8.0,"Went to a beautiful wedding this weekend, loved the barn scene!  So happy for you Connor and Emily Ochoa! üíì (p.s.-yes my legs are white as a ghost üôÑ)",High
25,9503545953274412325,9.0,Group work with shitty team mates are the worst...These people are supposed professionals - I can't imagine them actually being in the work force,High
26,9503545953274412325,9.666666666666666,Hogwarts here I come - I want all the butter beer,High
27,9503545953274412325,9.666666666666666,Wizarding World of Harry Potter here I come - it's been 20 years since I've gone to Orlando...crazy,High
28,9503545953274412325,9.666666666666666,The beach life,High
29,9503545953274412325,9.666666666666666,Didn't get this in Portland cause I was cashless so now I have to make do in Orlando,High
30,9503545953274412325,9.666666666666666,Single rider lines are the best - 5 min wait into Escape from Gringotts,High
33,9547248024793501451,8.0,This is the life. #weareinhawaii #gotmauied @drewbert222,High
34,9547248024793501451,8.0,Jungle hiked!! #waihe‚Äôeridgetrail #weareinhawaii #wegotmauied @drewbert222,High
35,9547248024793501451,8.0,Chill out! #ululanishawaiianshaveice #weareinhawaii #wegotmauied @drewbert222,High
36,9547248024793501451,8.0,Wouldn‚Äôt even know how to filter a sunset like last night‚Äôs. #weareinhawaii #wegotmauied,High
37,9547248024793501451,8.0,Haleakala National Park #weareinhawaii #wegotmauied @drewbert222,High
38,9547248024793501451,8.0,What better way to spend World Oceans Day than kayaking and snorkeling. Made friends with about a dozen sea turtles and an eel. #weareinhawaii #wegotmauied,High
39,9547248024793501451,8.0,Wow Wow did not disappoint! The strawberry pineapple lemonade was delish! #wowowlemonade #weareinhawaii #wegotmauied,High
40,9547248024793501451,8.0,Lava field hikes are the best when they end in quiet coral beaches. #laperousebay #hoapilitrail #weareinhawaii #wegotmauied @drewbert222,High
41,9547248024793501451,8.0,Ali‚Äôi Kula Lavender farm #weareinhawaii #wegotmauied @drewbert222,High
42,9547248024793501451,9.0,Spent an amazing and exhausting day on the Road to Hana. This is just a small taste at our adventure.  Major props to @drewbert222 for driving that hair raising road. #weareinhawaii #wegotmauied,High
43,9547248024793501451,9.0,You can‚Äôt tell it but these are our sad faces because we‚Äôre leaving Maui. Best vacation ever! See you in the a.m. Colorado! #weareinhawaii #wegotmauied @drewbert222,High
50,9622025573216492542,8.0,McKenna got to meet her teacher today and play in the classroom a little bit. She‚Äôs also enjoying her last day of wearing flip flops since she can‚Äôt wear them to school üôÇ First day tomorrow!,High
54,9633120381526577840,8.0,Serving you COLOR on this rainy Sunday afternoon.  Happy Pride month!  #LiveColorfully #SpreadLove #LoveMural,High
59,9677001521580130990,9.0,Graduations in the rain are obviously the dream...,High
65,9767765376628075157,8.0,My beautiful best friend & new momma to be üíö I am soooo unbelievably excited for this amazing journey you & Jose are about to embark on. And I‚Äôm so blessed to be able to be a part of Miss Cora‚Äôs life. It was a wonderful shower and Cora is so loved and spoiled already. Cannot wait to meet her üíñüíñ,High
69,9767765376628075157,9.666666666666666,üíöHappy Father‚Äôs Day! I couldn‚Äôt of asked for a better daddy for our babies. We got so lucky to have you in our lives. We love you more then you will ever know. üòòüòçüíö,High
70,9767765376628075157,9.666666666666666,No work for the next 6 daayyss. Yaasss! üòÅüòÅ,High
71,9767765376628075157,9.666666666666666,Road trip with my husband. Mommy & Daddy day today!,High
72,9767765376628075157,8.6,Finallyyyy got it back! And it‚Äôs so shinyy. üíçüíç,High
83,9767765376628075157,9.5,All my friends are having babies and I‚Äôm dying with baby fever üò© I need lots of baby cuddles! So sad knowing my babies are growing up and I won‚Äôt be having anymore üòû,High
86,9767765376628075157,10.0,Miss you more everyday. üíö never gets easier. üò¢üíî  Best man I know.,High
87,9777858391923748976,10.5,"Conquered my first 14er this morning - Mt. Bierstadt - 14,065 ft above sea level :) @ Mount Bierstadt",High
89,9845926295715386012,8.1,"FREE TICKETS....  I have the amazing opportunity to represent the women of KC ultimate in this amazing event.  Come check out some high level women's and men's ultimate as well as the youth and women's clinic!  So many great things!!  Oh, and you can win two free weekend passes.... doesn't get any better than this friends.  Free tickets will be announced this Friday so don't wait!!",High
90,9874253110996873329,8.166666666666666,"Wonderful candid shot of us looking at our favorite piece at the student show opening at the Snite Museum last night. 28 years of looking at art together, 23 of them as a married couple, as of next week.",High
91,9874253110996873329,8.3,"Here she is, the third generation. We''re so proud of her!. We believe in Notre Dame. It''s not perfect, but it gets better every day. It''s better now than it was in 1955 when my Dad graduated. It''s better than it was in 1990 when we graduated. One thing hasn''t changed. It''s continuing to produce generations of people (including so many dear to me from the class of 1990) who make the world better and who are formed by our unique mission: to be a place where learning becomes service to justice.",High
93,9897582009808093798,8.25,We made it! Can't wait to see the family tomorrow!!!,High
94,9947909773924817241,8.0,"Amazing news.....surgery was a huge success!!  The tumor we thought was attached to her colon was actually on her right ovary. That got taken outta there...5lbs out of her belly. Cut a section of her colon out that had cancer, but no bag was needed. She did great!!! Thank you all so much for the prayers and kind words. God truely is looking over her!",High
95,9947909773924817241,8.0,We could really use the power of prayer today for surgery to go well for Brian's mom. It's scary for all of us. I am sure things will go just fine but cancer is so unpredictable. We love you momma...u got this!,High
96,9947909773924817241,8.0,Just went back for surgery. Min of 2 hours is what we were told...will keep ya'll posted.,High
97,9947909773924817241,8.5,They took momma to the Critical Care Unit at 2 a.m. this morning. She isn't doing very well at this point. Unable to keep her blood pressure steady. Cancer won this battle and her body is giving up. Doctor's say she won't make it through the day. We are making sure she is very comfortable and in no more pain. Lots of tears but happy she is able to go home with her parents soon. God will be getting another angel. We love you so much Teresa Stark. You have put up one hell of a fight and we are so proud of you.,High
98,9947909773924817241,8.5,"I have to say that I have some of the most amazing friends!! Bringing us dinner, helping with funeral arrangements, and just being there for us. Thank you all so much!!!",High
99,9947909773924817241,8.5,You all are incredibly kind. Thank you for all of your support. She is still hanging in there right now. She is a tough one for sure. We will keep everyone posted.,High
102,9999675168960522942,8.0,"Anora is off on her adventure to Fiji to live in the moment!  (No cell phones or watches allowed)  Scuba diving, snorkeling, white water rafting, surfing, sailing, hiking, and 3 days of community service in a village only accessible by river.",High
103,9999675168960522942,8.6,Getting a little sight seeing in (post rain) while in St. Louis. Visited the top of the arch.,High
104,9999675168960522942,8.6,"More sightseeing in St. Louis today. We went to the City Museum which is super cool. Pieces of it look like the inside of Hogwarts with crazy staircases. Also, there was a 10 story slide, tons of places to climb, crawl, and explore.",High
105,9999675168960522942,8.6,This post is brought to you by St. Louis. Quinn is fencing here this week at summer nationals (and unrelated a thunderstorm just started rolling through),High
106,9999689421615292586,9.6,Happy anniversary to my wonderful wife!  Glad we could get some time away.  Love you lots!!,High
107,9999689421615292586,9.6,Headed to Maryland!   It‚Äôs been too long!!,High
108,9999689421615292586,9.6,Love me some beach!!,High
109,9999689421615292586,9.0,An early Father‚Äôs Day gift from the wife!  I‚Äôm not complaining!!   Love you Michelle Kaufman Strite!,High
110,9999689421615292586,9.0,Six years ago I hung up my gear.   Good times with some great guys!,High
111,9999689421615292586,8.5,One hour down of riding with a newly permitted driver......and we both survived!!,High
112,9999689421615292586,8.5,Would have been better without the rain issues but we still had fun. Ethan likes to get up there whenever he has a chance.,High
113,9999689421615292586,9.0,Happy birthday to my wonderful wife!  You help keep me sane and headed in the right direction.   Love you lots Michelle Kaufman Strite!,High
114,9999689421615292586,9.0,Before and after!  Lots of planning and effort went into getting our church‚Äôs media and sound board upgraded.  Great job by ASG with all of their help in getting things set up and configured.  Can‚Äôt wait to log some time on it!!,High
115,9999689421615292586,8.5,Counting down the hours til Aidan hits the ground!  Will be good to get him back state side safe and sound!!,High
116,9999689421615292586,8.5,Just didn√¢¬Ä¬ôt think the souvenirs was going to include the 90+ degree temps!,High
117,10058591480503807731,8.0,"SBN -> ATL -> BHM. See you soon, Sweet Peaüòò",High
130,10059578009706182307,9.5,"Promises.  In the last (almost) 11 YEARS I have been either pregnant or breastfeeding for 8.5 of them.  8.5 YEARS of nourishing not only my body but another humans.  And let‚Äôs be honest it is great, but all good things come to an end am I right?? üòâ. Taking care of myself and being active has always been on the to-do list but not quite a priority.  A week ago I made a promise to myself to take care of me.  . Each day I hit my steps, workout, and sweat because I have promised myself.  If we don‚Äôt keep promises to ourselves then how can we to others?. This mama is done pouring from an empty cup. What are doing for yourself to fill your cup?. #pregnancy #breastfeeding #fourbabies #losethebabyweight #iamher",High
131,10059578009706182307,9.5,Thank you all for the love!!! Just did a video on purchasing and also the recipe is up in the stories!!. PM me with any questions or to purchase √∞¬ü¬ò¬ä!,High
135,10059578009706182307,9.0,"13 years, and four kids later I wouldn‚Äôt have it any other way.  Nothing like a sweaty workout Crossfit South Bend to celebrate.  . Derek Richard Dreher your my G.O.A.T. üêêüíï",High
140,10156467243497339919,8.0,"Thinking back to last weekend and this fabulous wedding.... Congrats again Cam and Jenna!! ü•Çüíï @ Vancouver, British Columbia",High
141,10156467243497339919,8.375,"NYC weekend  @ New York, New York",High
142,10156467243497339919,8.0,Happy anniversary to this guy! @dorncolin So many trips and experiences these past 6 years - here's to many more ‚úàÔ∏èüèîüèåÔ∏è‚Äç‚ôÇÔ∏èüèåÔ∏è‚Äç‚ôÄÔ∏è‚òÄÔ∏è,High
143,10156467243497339919,9.333333333333334,Weekend at the Lake ‚òÄÔ∏èüåä‚õ≥Ô∏è @ Veranda Beach,High
144,10190405727102355072,9.625,Crossed Machu Picchu off the list. Truly astonishing!,High
145,10190405727102355072,9.0,Adventures in Sacred Valley.  Lunch suspended from a mountain and hike to Perolniyoq waterfall,High
146,10218374518126117174,8.625,First stop in Fredericksburg!,High
147,10218374518126117174,8.333333333333334,Celebrating 3 years with my bozo!,High
148,10218374518126117174,8.4,Finally made it to Boulder!,High
151,10292474067220799953,8.0,Some people you wish for they could stay in your child‚Äôs life forever. She is one of them. Last day of preschool/ pajama party. Thank you for loving him so much Mrs. Gio!,High
152,10292474067220799953,8.0,Some people you wish could stay in your child‚Äôs life forever. She is one of them. Last day of preschool/ pajama party. Thank you for loving him so much Mrs. Gio!,High
153,10292474067220799953,8.333333333333334,When waking up at 7am on your vacation is worth it!!! üí•üí™üèºüáßüá™üëπ‚ô•Ô∏è #tousensemble #reddevils  @ Grand Cayman,High
154,10292474067220799953,8.333333333333334,"Thunder and lightning in Miami, crazy storm, all runways shut down. This kid could not care less.. iPad heaven üôÑ.",High
155,10292474067220799953,10.0,Ultrasound -  9am - 3pm - in paradise. ü§îüôãüèª‚Äç‚ôÄÔ∏è,High
156,10292474067220799953,8.0,Thank you üôåüèΩüëπ‚ô•Ô∏èüáßüá™ #tousensemble #proud,High
157,10292474067220799953,8.0,"And off she goes again... bye Oma, see you in 2 weeks in üáßüá™! ‚ô•Ô∏è‚úàÔ∏è",High
158,10292474067220799953,9.0,"Happy 1st wedding anniversary! Looking back through these photos made me smile, such good memories! Enjoy Catalina love üê¶! ‚ô•Ô∏è from all of us! Jenna Marie Sharer Ian Klumpp",High
165,10378176119532491055,8.0,Great day at Silver Beach!,High
166,10383361249394530322,9.2,5am wake up call. #graduationmarshall,High
167,10386539535195035903,8.375,And so it begins!! Much excite!. #prusa3d #prusai3mk3 #amexcite #muchexcite #3dprintingadventure #3dprinting #3d,High
168,10420261905858753104,8.0,Low key 11-year anniversary. We celebrated with donuts üç©üíï,High
169,10439117077451641565,8.6,Employee appreciation day. Thanks Kunz Leigh & Associates. #BreakfastByBoss,High
170,10439117077451641565,8.75,Thank you Kunz Leigh & Associates for the pies on Pi day!,High
171,10562010133649225847,9.666666666666666,Stress Reliever - absolutely gorgeous days with granddaughters,High
172,10562010133649225847,8.5,"Annual picnic - all 10,000 close friends and I",High
173,10582291978420212548,9.0,"Dream is 7 night Mexico cruise with wife and kids. We enjoy all fun events together, would love a cruise.",High
174,10582291978420212548,9.0,Mexico cruise with wife and kids. We want to enjoy the fun together.,High
175,10603361909097036820,8.0,My cousin Vince was a great kid and a joy to everyone in our family. Please help us honor his memory by taking some time to read a little bit more about his story.,High
176,10628342999142943455,8.5,It‚Äôs been so fun to be a part of this show! Performances are next week. I‚Äôll also be singing the national anthem at a South Bend Cubs game on July 2nd at 7:30pm...there will be fireworks after the game! Would love to see you there!,High
177,10633860493387800206,8.25,Teva and I got a new sport ‚¨áÔ∏è,High
178,10633860493387800206,8.0,Great Memorial Day weekend with great people.  Grateful for the freedoms I have. . Always fun getting back to the Black Hills!,High
180,10642670384768572318,9.5,"I needed three water stops, but I was able to run more than five miles for the first time since Boston.  Thank God my knees and lungs are back to functioning with something approximating normalcy.  Celebrating with Rebekah and Joe.",High
191,10729524556661174446,8.333333333333334,Ahhhhh. Waking up at 3am and wondering if your newly moved in IU freshman is home safe and realizing you have to cut that panic button from your brain. It‚Äôs going to be a long fall semester. üëÄ üò¥,High
192,10729524556661174446,8.0,Going to officially become an Indiana resident again.....not looking forward to that American Gothic license photo. üòê,High
193,10729524556661174446,8.0,I‚Äôve been driving for 30 years. Apparently Indiana requires out of state transfers to take their test and I failed it....üòë Seriously Indiana! I do not know the maximum speed on a rural divided interstate hwy and I guarantee no one who hasn‚Äôt studied your book does!!!!  And if you can turn onto any lane when turning onto a one way street why is answering the nearest lane wrong???  So annoyed.,High
194,10735253117254886773,8.5,We are grateful to Best Friends Animal Society for giving us our #hikingbuddy #mhysathepibble #adoptdontshop #savethemall #pitbullsofinstagram #coloradohiking #coloradoliving #nofilterneeded #fallcolors,High
199,10751444191368504640,9.75,Well weigh in Monday is here and I am down 6.7lbs!!!! I was up 4.6 last week so to lose that and then some is great!!!!,High
200,10751444191368504640,9.75,Some piece of shit stole our grill!!! Fucking assholes,High
206,10799191935383703353,8.5,"Hudson loved meeting his new little cousin, Annelise, today! She is so sweet! ‚ù§Ô∏è",High
207,10841165021793066595,8.0,Back with Kelly‚Äôs family swimming in the lake.,High
209,10841165021793066595,8.0,Anniversary flowers!,High
210,10841165021793066595,8.0,Bucket List item 217 ‚Äî spending my birthday with mom and cuz at a fun and wild place!!!,High
211,10841165021793066595,8.0,Fun day in Annapolis.,High
212,10890761958120556185,8.0,"San Francisco, I‚Äôm so in love. ‚Ä¢. ‚Ä¢. ‚Ä¢. ‚Ä¢. #sanfrancisco  #california #sanfran #travel",High
213,10890761958120556185,8.0,"San Francisco, it‚Äôs been less than 24 hours and I‚Äôm so in love.",High
215,10923945604697554625,8.5,"Off to my family reunion in Grant Park, IL. Excited that my entire imediate family will be there.",High
217,10943522868092177046,8.75,"Wishing I could go back to this weekend! Had the best time celebrating @johndavidterpo & @anamarie1023 ‚ù§Ô∏è Ana you were so beautiful!   @ The Club, Inc.",High
227,11104593526451055549,8.690000000000001,I will be speaking at TU-Automotive Detroit this June with representatives from Ford and AccuWeather.  The presentation topic will be Driver-Centric Integrated Solutions.  Woohoo!,High
228,11104593526451055549,9.0,Had a great panel today at TU Detroit.,High
232,11108248542043055690,8.0,Sooo I‚Äôm super excited about this at the end of the month!!!  @mamii247 @browneyedhaze1215 @w_cruzgonzalez. .    . #girlstrip #vegas #rickymartin #procreate #sketchaday #ipadpro,High
237,11138612929668356701,8.0,Another great 4th of July spent with wonderful friends!,High
252,11156103277197680506,8.5,Rainbow Lake in Mount Zirkel Wilderness. About 9 miles round trip; 1450' elevation gain; 9971' at lake. Carried a 30lb pack. My brother walked slow so I could keep up.,High
253,11156103277197680506,8.5,Lower Maxwell Falls hike. Considering it was only a few minutes away I figured I better go check it out. Waterfall was a trickle but the flowers were lovely.,High
254,11156103277197680506,10.25,"Rope Jam results! For the past 6 weeks we have drilled roll-ups. Through trial and error, bruises, fails, and bails it finally came together. I would have given up if it wasn''t for the amazing encouragement. 'Take your glasses off and fall on your face!'"" It worked üíúü§£ Love you both""",High
255,11156103277197680506,10.25,Second interview ‚úîÔ∏è Ganglion Cyst removed ‚úîÔ∏è same dress. Killing it ü§£,High
256,11156103277197680506,10.25,Hanging out Friday afternoon in the tailgate of Scott's Jeep. Lots of laughs with those two!,High
257,11156103277197680506,8.5,Ciao Charlotte. Buenos Dias Madrid! It's fantastic to be back again.,High
258,11156103277197680506,8.5,Stitches are out. Hoping the next week of healing does the trick so I can get in the air for 7th Rope Meeting in Barcelona! Duck tape and super glue if all else fails. Purple incision marker makes it look worse than it feels.,High
266,11178893862060923050,8.666666666666666,My hubby‚Äôs moving to Miami! Unconditional permanent residence approved!,High
267,11178893862060923050,8.666666666666666,RIP. You were an incredible storyteller and a brave man who laid out your life for us to learn from.,High
268,11178893862060923050,8.666666666666666,Great way to spend a day before a flight! Thank you everyone!,High
269,11178893862060923050,8.666666666666666,My winged chariot to Dallas.,High
270,11178893862060923050,8.666666666666666,"Got five hours of solid sleep, surprisingly, and the crew was excellent. Nice way to end the trip. Now for a shower!",High
271,11178893862060923050,8.666666666666666,"Home!! The worst part of the trip was waiting for luggage in MIA even though mine was the first out, so it was a great trip! Back in two weeks to close the Chile home and bring Tulio and Juliet to Miami!",High
303,11186446580471979707,9.0,"Hey friends: My latest album is out today, on the amazing Touched label (where all proceeds go to charity). I wrote this between 2014-2016. The liner notes (attached) do a far better job of explaining it than I can here. . Spotify: https://open.spotify.com/album/1YFKLsGtLCXvPYKLzuOmod. Bandcamp: https://touched.bandcamp.com/album/synthesized-sounds-for-young-humans. iTunes: Who the hell knows. Looks like a search indexing issue. I''ll update this when it shows up.. Beatport: https://www.beatport.com/release/synthesized-sounds-for-young-humans/2341785. Huge thanks to Martin Boulton, John Tejada, Jon Drukman, and Marc St Regis (for that Studio Electronics SE-02, which got some love on the cover art too!)",High
313,11283787223007258371,8.375,Beach day!,High
314,11283787223007258371,8.375,Walking about in the Hamptons,High
315,11283787223007258371,8.0,Almost done with wedding season...,High
316,11293937460610680260,9.0,Logged out for the final time.. 10 years at liberty.... bring on the next chapter!,High
317,11293937460610680260,8.0,"Brown county camping trip in the books!! Just missing Jill, Justin and Britt!",High
318,11293937460610680260,8.0,"Brown county camping trip in the books!! Just missing Jill, Justin and Britt!",High
320,11293937460610680260,8.4,RIP Glenda Sue... And the black chicken....and the white chicken... something is killing our birds....,High
322,11293937460610680260,10.0,"Not sure how we got here so fast, but we no longer have an infant in our house! Trey turned 1 today!!! He has not been easy, he is completely a boy, inside and out!!he insists on being outside in the dirt or in the water!! He loves cars, the kitty's and nursing.... still.... I am not sure how we blinked and he is already a year old! Happy birthday to my Bubby. We love you!",High
324,11326452981502450625,9.0,"I am really happy that we are now co-raisers with Anne E Wright of the fantastic future guide dog, Tater! . Here he is helping to relieve the stress of finals at CU Engineering! . Get ready for a million more photos of this guy!",High
325,11329586216091316598,9.0,Has it really been 5 years???  You still make me proud every day!!  Love you sweetie!!  ‚ù§Ô∏è,High
334,11369376360737581252,10.0,"First stop on our spring break trip... Bass Pro's new aquarium in Springfield, MO. @ Wonders of Wildlife",High
335,11369376360737581252,9.666666666666666,Highlights of my day in Florida.,High
338,11398131216533925331,8.0,Because that's what you do when you visit Yellowstone.,High
341,11490896097141714538,8.333333333333334,Happy #mcm to my forever wedding date! We had so much fun celebrating @chelsea.h.harris and Brandon this weekend and wish you two so much happiness! . #7monthspregnant,High
342,11490896097141714538,8.5,#flashbackfriday to last week‚Äôs shower for Baby Martin. So thankful for all these ladies (and those not pictured) for a beautiful shower! Baby Martin is already so loved! #33weeks,High
347,11546894241875941356,9.5,Tryst with a bro in the city of brotherly love ...,High
349,11573572853441409020,9.3,A big thanks to all of the bday wishes today. It was a great day and Morgan made it home for spring break. #happyfamily,High
352,11636776039044383977,9.75,"Happy birthday, sweetheart! Two birthdays in a row we've somehow stumbled into Sedona!",High
356,11721312032604800980,8.333333333333334,A few more photos from the New Orleans trip,High
357,11721312032604800980,8.166666666666666,Ran my first 5k this morning. It was fun. And then one of my earbuds fell into my cup of post-race water. Still a net positive.,High
358,11721312032604800980,8.166666666666666,"My favorite thing about tech conferences is that I can sit near another person knowing that neither of us is inclined to interact with the other. I know people may judge my stack or my code, but they don‚Äôt judge my introversion.",High
359,11721312032604800980,8.166666666666666,In San Jose doing a pre-conference lunch at a Chicano place recommended by the guys who work at the hotel. Enchiladas and the house margarita.,High
360,11721312032604800980,8.166666666666666,"So, I went to a reception and a party. I talked to people. It was not horrible, but not great. Ready to go back to not talking to people.",High
361,11721312032604800980,8.166666666666666,I thought this slide from a keynote talk at the conference I‚Äôm attending might be of interest to a lot of people,High
362,11721312032604800980,8.25,At the protest - Pence is at a GOP fundraiser at the Rittenhouse Hotel #keepfamiliestogether,High
363,11721312032604800980,8.25,"Tonight was the sort of graduation event at the dance studio. Geoff had a gig and my teacher just left the studio (to return to hospice work because she‚Äôs a god-damned angel from heaven), so Derek, one of my fav instructors, posed for this pic with me. Two certificates because Geoff and I passed through two levels.",High
366,11743217159415548350,8.125,"And... We bought a house!! Jacob and I are so thankful for the Lord‚Äôs blessings in our lives. May our home always be welcoming and a place of ever growing love. üè† @ Lenexa, Kansas",High
367,11750352889969585637,8.5,Disney World - Aerosmith Rock N' Roller Coaster,High
368,11756245948562388162,8.5,Rappelling into some adventure over the weekend.. PC: @sgshaheen . #blackcrows,High
369,11756245948562388162,8.5,"After spending the week contacting guides and experts on the park about the line we skied last last Sunday, we can fairly confidently claim a first descent on ‚ÄúSmoke and Dragons‚Äù!. Hope you all like the name. Thanks for the adventure @sgshaheen , more to come!",High
371,11756245948562388162,8.75,"After receiving recent beta photos of Mt. Assiniboine. Sam and I made the very difficult decision of cancelling our Canada trip. Luckily, there‚Äôs plenty more adventuring to have in Colorado. Assiniboine will have to wait for another time.",High
372,11756245948562388162,8.3,"Gorgeous evening on the flatirons, even the vultures were enjoying the view. Everything is so green!",High
373,11756245948562388162,8.5,"What a great Memorial Day weekend for adventuring. Started off skiing Mt. Evans, then spent the rest of the weekend camping and biking around Glenwood and Carbondale. @ Carbondale, Colorado",High
374,11756245948562388162,8.5,Luckily there‚Äôs other things to do in the alpine when the snow is melting too fast.,High
377,11805697506383606310,8.166666666666666,Joined the gym today....trying to do some good for me on my day off! Woot!,High
379,11805697506383606310,8.0,"***update***Both boys have found a home! Thanks everyone!.. I have two beautiful little pocket sized dogs that I need to find homes for. They are sweet lap dogs, as loyal as they come. . Squirrel is a 2.8 lb 7 year old miniature poodle, brown in color.  Snickers is a black Yorkie-poo and weighs just a bit more than Squirrel, at about 5 lbs.  Neither shed but do need a little regular grooming.. We are looking for a loving home for the pair and will gladly give the right owner  ‚Äúaccessories‚Äù to make the transition easier.  I would like to see them placed together since they have been together for seven years.",High
382,12038225410559368378,8.5,"We made it! Last day of 7th, 5th, and 2nd grade. Lots of change this past year for these kids and they continue to conquer the world! ‚ù§Ô∏è‚ù§Ô∏è‚ù§Ô∏è",High
383,12103546711473532685,8.833333333333334,"Completed the first tango classes in life. Many thanks to Agustin Rojas and Sol Gabis Gomez, who have made it such a fun experience for us. üíÉüï∫‚ù§Ô∏è",High
384,12103546711473532685,8.2,"It‚Äôs been a couple of weeks since Sho Cho became a member of the family. Here Kitty Kitty Rescue has done an amazing job in socializing her. She starts to treat Mush like her sis and plays so gently around. With a lot of extra kisses and hugs and cuteness, everyday is a delight for us.",High
385,12103546711473532685,8.0,"Thanks Binbin Xiao for planning and driving! Had a fun time visiting this erupting island. Volcano, guess I‚Äôll meet you next time. üåã",High
386,12115852993242340806,8.0,1st day riding to work. . Cold. Drizzly. It felt amazing!,High
387,12115852993242340806,9.6,Goodbye Florida.,High
388,12115852993242340806,9.6,"Eden Ski Lake. Hook up with Arthur for personal coaching. Despite training all winter. Running, swimming, Pilates.... it still doesn√¢¬Ä¬ôt replace that first yank out of the water",High
389,12115852993242340806,9.0,"Slowly and methodically getting the old R90s motor back together. Last night, piston ring grinding to get the end gaps in perfect spec. Never trust the end gaps without measuring. Top compression rings measured .010‚Äù when they call for .015‚Äù. It took a while, but this little tool worked perfectly.",High
390,12115852993242340806,9.0,"I knew one day I‚Äôd get to 100k. It took a little over 13 years. Trips to the Blue Ridge Parkway, Florida, Nevada and Utah with zero issues. Always got me there and back in one piece. Great bike.",High
391,12115852993242340806,9.0,Nice ride to Stockbridge for the spring bike festival,High
392,12115852993242340806,9.0,1st boat ride with the new pooch.,High
393,12121311828734637660,9.25,Fun times at Bring Your Child To Work Day.,High
396,12144059624259305924,8.5,"Family and friends, thank you to Shan I've found a new spectacular chiropractor!! I went in for initial lower back pain shooting down one leg but filling out paperwork and questions there were a couple other areas bugging me. He worked on everything and gave me stretches to do at home :) Indeed by far the BEST!!!!!! I have to quit lifting for a couple weeks, and no rower/stairclimber either :(",High
400,12144059624259305924,8.5,"I had a wonderful day at work. Things haven't been easy the past couple weeks. I couldn't ask to work with better people that truly CARE and have been beyond supportive!!! Thank you Josh, Scott, Cathi, Michele, Lety, Heidi, Maureen, Dwight, Wade, Michael, Dolores, Andy, Brandi, Brandy, my entire ECSM team and many more... you all are amazing ü§©üôå",High
401,12144059624259305924,9.0,"Good happy Monday morning! My goal this week is to chant 1 hour before work. I've got a lot to work through as do those close to me. We'll get through it with the best outcome,  positive of it! üíï",High
402,12144059624259305924,9.0,"Fun work gathering, Andy was the murder mystery suspect!!! I knew it... üßê",High
403,12144059624259305924,8.333333333333334,Bring it on!!! This time of year is what I look forward to most.... fast cars and fun times with my dad ‚ù§,High
405,12204601337084291188,8.0,DEWITT CHEER IS GOING TO STATES!!,High
406,12204601337084291188,8.2,"Cheers to my friend of 25 years! Who‚Äôd have thought in 1998 we‚Äôd be coaching together at state finals in 2018?! Congratulations to you, Candace! What a season for DeWitt Cheer.",High
412,12234026427044566165,8.7,Representing Garmin at the Project Lead The Way Innovator Awards,High
414,12246463403444323726,8.0,This 90 degree weather is for the birds!,High
415,12253831341775990699,9.583333333333334,When you wake up and is like I don‚Äôt like these people. Why would I spend my time after work with people who make me miserable? Plus we are a fitness company but they serve us pizza and junk food at work eventsü§î,High
416,12284107348524025869,8.8,After 3 homes we finally get to enjoy a deck in the summer :),High
419,12445549053893962845,8.8,We enjoyed  our trip to Hilton Head and loved spending time with the boys.  Time is going so fast!,High
420,12445549053893962845,8.8,Enjoying our visit to Hilton Head including a stop at Harbourtown.    We went back to a spot where the boys stood 7 years ago.  Had to get a ‚Äúthen and now photo!,High
421,12445549053893962845,8.8,Mom and Dad arrived today and we enjoyed an afternoon on a dolphin cruise along with dinner by the waterfront.,High
422,12456932956587101329,10.0,Hiking through 6 million acres of Denali wilderness. Whale watching on a cruise through the Alaskan gulf. Rafting down the Kenai river. Not a bad work trip. @ Alaska,High
423,12488612021416888454,8.0,"Just like that, another year behind us! Looking forward to summer fun before we enter 4th, 2nd, 1st, and Pre-K. Laine bug can‚Äôt wait to join her boys at school!",High
424,12488612021416888454,8.0,First stop: Ireland,High
425,12488612021416888454,8.0,"Certainly enjoyed working alongside my ND colleagues at the Dublin Global Gateway! . Next up, London. üëë",High
429,12488612021416888454,8.0,Annual WI trip is pure awesome.,High
432,12525583187851454916,8.166666666666666,"Katie has been released to be adopted, and she is now officially a part of the family :D",High
433,12580369954554372561,8.5,"We purchased our first house and can‚Äôt wait to make it a home ‚ù§Ô∏è We‚Äôve already been welcomed by a couple of awesome neighbor kids that made us cute cards. This is definitely going to be great.üòä #homesweethome  . Huge shout out to the most amazing realtor I ever could have imagined - answered a million dumb questions about house buying (and owning), had incredible patience with our pickiness, and just in general above and beyond-ness. Anna Diamond Coble - this wouldn‚Äôt have been as easy and fun without you!",High
436,12588858511398213579,3.6666666666666665,One of our favorite camps! Join us this year.,Low
437,12588858511398213579,1.0,We had a fun evening with Sebastian at the pool.,Low
438,12588858511398213579,1.0,Happy Father's Day to this Daddy! The girls adore you.,Low
439,12599419164858189527,4.0,"TMI alert!. Background: A week ago, I had sinus surgery. Due to the splints and other silicone scaffolding holding me together, I‚Äôm not supposed to blow my nose. At. All. However, I can use nasal rinse as much as my little heart desires. . What‚Äôs so TMI? Well, every time I use the nasal rinse, my sinuses give birth to jellyfish in a disturbing range of colors. Vibrant!. Why yes, I‚Äôm on prescription painkillers.",Low
442,12671267457620732731,8.0,I‚Äôll be forever enchanted by this side of the bay. This time I saw plenty of sun and Karl the Fog days and I don‚Äôt want to leave... üôÇ I‚Äôm super thankful for all the adventures and family & friends I‚Äôve been able to visit. But for now it‚Äôs time to head back. .  . Until next time. ‚úàÔ∏è,High
443,12676581714475000627,8.0,Off to Dublin!! #fernweh #wanderlust #selfdiscovery #dublin,High
444,12676581714475000627,8.0,"My day started off so so happy! My wonderful colleagues (#yolocrew)!, had some wonderful surprises left for me at my desk. Although my b-day isn‚Äôt until the 30th, they wanted to celebrate early since I‚Äôll be in London! Thank you, dearies!  @ University of Notre Dame",High
445,12676581714475000627,8.0,Definitely couldn‚Äôt sleep. It might‚Äôve been the excitement...or the turbulence on that plane. But...I MADE IT TO DUBLIN!!! Time to see the beauty and magic of this beautiful country.,High
446,12676581714475000627,8.0,We had a chance to see the beautiful and talented Chlo√´ Agnew at ND!! She. Was. Incredible!! #yolo #yolocrew #postyogasweatlife,High
447,12676581714475000627,8.0,Climbed a mountain today with Kim. That was pretty freaking awesome!,High
460,12677361572409209396,9.0,"There is this company called Rev. They pay you to transcribe audio files or caption video clips. Its not a lot, but its a little bit per job and the more you do the better jobs you get and more pay you get. They pay you via paypal every Monday. I checked into them and they are legit. You have to apply and take a test and stuff first. Its only a couple hundred extra a month, but thats better than nothing.....",High
461,12677361572409209396,9.0,"My sugar was 264 this morning. That is GOOD for me, especially when a week ago today it was over 700. I can do this, I can do this.",High
462,12677361572409209396,9.0,Sugar just dropped to 83.,High
463,12677361572409209396,9.0,I am doing good. back to work tomorrow,High
464,12677361572409209396,9.0,"Back from doc appt. They are referring me to an endocrinologist. Got me some meds to get me through. Then on the way home, my day was made cos I was able to video chat with my girls Alivia and Daliliah. Thanks for letting them call me Michelle Wheat",High
465,12677361572409209396,9.0,"Going to start selling a small selection of simple car, wall, laptop, whatever decals with my stuff. Here are two I just made tonight. I have a lot of pet and wiccan ones on my computer. Going to start building up my selection....nothing fancy, and wont be expensive. Just trying to make some money on the side for wedding and honeymoon....and my damn medications. Also gotta pay this damn hospital bill now.",High
466,12677361572409209396,9.0,My arms are messed up from IVs and blood draws....,High
467,12677361572409209396,9.0,My Samantha girl went over the bridge two years ago today.,High
468,12677361572409209396,9.0,Im headed into the cranky phase of not having mt dew and other stuff I want. Gonna lock myself in my room rest of night and try to stay calm.,High
469,12677361572409209396,9.0,Rev.com,High
470,12677361572409209396,8.4,"Since not drinking soda, my appetite has gone up. Ugh. I hate it. I liked not being very hungry!",High
471,12677361572409209396,8.4,Had another low blood sugar episode today. Luckily I have glucose tabs in my purse. Ate one and took an early lunch and went to my mommy's...felt better when I came back to work.....,High
472,12677361572409209396,8.4,"Hurt my knee goofing off with Jeffery, right after Jeff left for work...an I need something in the basement. GRRRRR",High
473,12677361572409209396,8.4,"Guess I will go to bed. Monday, I dread thee.",High
474,12677361572409209396,8.4,I haven't yet. Still trying to get my sugars evened out before I go on something like that....,High
475,12677361572409209396,9.0,"I overdid it this weekend, and wore flip flops all weekend, so my back is killing me and I am so tired lol. Jeff is mowing the back yard. I did a bunch of weeding in one of the many flower beds in the back yard.....Jeffery gets to mow the front lawn so Jeff can rest a bit before going to work tonight. I still gotta make the bed. I just want to go to sleep lol. But we gotta get stuff down in the back yard. It was a wild mess when we moved it. We have so much more to go, but its getting there. By end of summer it will be wonderful and next year we won't have as much work to do back there.",High
476,12677361572409209396,9.0,Jeffrey playing with the chalk board table i made him.,High
477,12677361572409209396,9.0,"Got two hand made mothers day gifts done and ready to go...one is almost done. Whoohoo. I wish I could post pics of my stuff, but the recipients are on my facebook!",High
478,12677361572409209396,9.0,"Looking forward to our families first cook out for the year, and spending time with my mommy and grandma for Mother's Day. This is my first Mother's Day....I know I didn't give birth to Jeffery and KK, and they have their mommy, but I love those two kids so much and am proud to be their Step Mommy and so lucky to have them in my life.",High
479,12677361572409209396,9.0,"Jeffrey and I got to talk to Makayla for a bit. Unfortuantely, Jeff had to go to work before she could call us back. But thats ok. He is going to get her for the summer in two weeks. I cant wait to see her.",High
491,12677361572409209396,11.0,"Today was Jeffrey's last day of 4th grade!!! Next year he will be going to McKinley, which is closer to home and much easier for us....and they don't have a dress code, so gotta stock up on jeans and nice shirts for him to wear.....garage sales, here I come!",High
492,12677361572409209396,11.0,"Jeffreys first and last day of 4th grade....Success Academy of South Bend, Ms. Huber's class.",High
493,12677361572409209396,11.0,I'm not ready to go back to work tomorrow. My back is still killing me and I wanna spend time with KK darnit.,High
494,12677361572409209396,11.0,These back spasms are the WORST! They come out of nowhere and hurt like a bitch. ugh.,High
495,12677361572409209396,11.0,"Well broke down and went to Med Point for my back. Its just a muscle strain. Muscle relaxers and rest is what the dr ordered. He actually offered to take me off work for a few days. Um nope, can't do that. I hate that I had to miss part of today. I told Jeff, this SUCKS! its like one thing after another with me and I am so sick of either not feeling good or being in pain. I get my diabetes under control, and then my back goes out on me. At least it wasn't all at one time I guess.....blah!!!",High
496,12677361572409209396,11.0,Ugh. Muscle relaxer wearing off. Took another one. I was enjoying not being in pain! Bed soon....the rain and pills are making me sleepy lol....,High
497,12677361572409209396,11.0,"Love my new neighborhood, now that I am meeting people, but boy do I miss Wanda and Jasmine, and all the others from Marks Street.",High
498,12677361572409209396,11.0,"Took the kids to see my mom and dad, and my grandma today. Everyone was so excited to see each other....I love that my family loves and accepts the kids as much as I do. KK now has all my barbies lol. Got the rest of them out of storage for her today. I am missing one box of barbie clothes my grandma made though. I like seeing the barbies played with again.",High
499,12677361572409209396,11.0,"I'm sad. Witch Wood in Elkhart, where I have a lot of my product, is closing down.",High
500,12677361572409209396,11.0,Kks guinea pigs. Adopted from Heartland Small Animal Rescue. Einstein and Curious George.,High
505,12677361572409209396,9.0,"My stress levels are slowly dropping. I want to thank everyone thats so willing to help out with the reception and stuff. My sis Brandi Brockwell for doing the decorating. My sis Amanda Mae McClanahan for doing the bridal shower and photography, my future in laws Sheryl Johnson, Nesa Leatherwood for offering to help with the reception, my wonderful Aunt Terrie Prater and dear friend Erin Bumgardner for offering to help as well, and Manseil Washburn for doing the dj'ing.  Its hard for me to ask for help, and I am so grateful to all of you for being so willing to help me and my mommy out. Shes not happy that shes gonna be laid up for the wedding, but I know she feels better knowing that everyone is so willing to help. I know I do. Maybe I can get some sleep tonight knowing that everything will work out! LOL.",High
506,12677361572409209396,9.0,"So, I am going to need some help the day of the wedding. My mom has to have another knee surgery so she won't be able to get around. I am gonna need someone to go the reception area after the wedding to start setting stuff up. I am thinking we can drop most of the stuff off before the weddign and get most of the decorating done, but the food cant go out early...and I need someone to run to martins to pick up the chicken as well. Its not going to be a complicated set up. I am not getting anything fancy, but I just need someone reliable to help me so its one less stress on me. I am starting to get seriously stressed out. Not wedding jitters, just normal stress before such a big event. Can anyone help me out with this??",High
507,12677361572409209396,9.0,"There was a mistake on my check, that would have benfitted me. But my momma didn't raise no thief or cheat so I told work. Figure out tomorrow what I gotta give back. Wish I could keep it, but oh well!",High
508,12677361572409209396,9.0,"Right. I let them know, but the lady that can fix it is off today. She saw my email and let me know she would fix it. I haven't touched that money. Just my regular paycheck amount....",High
509,12677361572409209396,9.0,Are you coming to the wedding?,High
510,12677361572409209396,11.0,"Home from my bridal shower. It was WONDERFUL! It was a beautiful day and I spent it with the beautiful people in my life. Mandii and Annette took the pics, so I am sure they will be uploaded soon. I was too busy to really take any. Thank you to everyone that came out and celebrated my day with me. I wish my future mother and sister in law could have attended, but Missouri is a long way away lol.  A wee bit more than a month and I will be Mrs. Johnson!",High
511,12677361572409209396,11.0,"Back starting hurting again. It was all better, I thought, so I started doing stuff again and I think I overdid it.",High
512,12677361572409209396,11.0,"When I get married next month, my last name will be Johnson. That is my maternal grandmothers maiden name......kinda cool! I was going to hyphenate it, but McClanahan-Johnson is just toooooo long lol.",High
513,12677361572409209396,11.0,Anthem and St Joe hospital could not come to an agreement so now I have to find a new freaking doctor. I am so pissed! I LIKE my doctor!!,High
514,12677361572409209396,11.0,I got wait listed for Art beat! Im a repeat vendor! What the hell.,High
515,12677361572409209396,11.0,Ordered my shoes for the wedding. Just need to get the kids shoes...and waiting on the last flower girl dress.....,High
516,12677361572409209396,11.0,My grandma cross stitched this for my grandpa on their 50th wedding anniversary. They were married 71 years when he passed away last march. She Gave it to me today. I cried when i opened it. It means the world to me.,High
533,12680617526080257161,9.0,Let the good times roll! ü¶Ä #martha #endlesssummer #marthasvineyard  @ Martha's Vineyard - Massachussets,High
534,12714952603167396839,8.0,"Talk about fun!! Something I thought I would never do, now I may have to get certified!!  üòä",High
535,12714952603167396839,8.0,"Hilo, HI on the big island. Amazing landscape!!",High
536,12714952603167396839,8.0,"Room with a view, the views were magnificent!",High
537,12714952603167396839,8.0,Miguel in Hawaii,High
538,12733611572156914937,9.0,"Dead concert orientation for @runralphierun guest relations (@ Champions Club in Boulder, CO)",High
539,12830914680448833554,8.5,I sure do love my wife! She is amazing! How am I so lucky? Debbie,High
540,12830914680448833554,10.333333333333334,"Saying goodbye to my grandmother today. Wish she'd have been able to meet her youngest granddaughter, Avery.",High
541,12840161237957324034,8.0,"One week from today will be my first visit, with my husband, to the country where I was born - South Korea! . Two weeks from yesterday will be when I am reunited & meet my birth family for the first time (ever)! . (Ahhhh!)  üíúüëØüíú",High
561,12840161237957324034,9.333333333333334,Reunited! My birth family in South Korea <3,High
564,12870395895502894727,9.5,TFW you‚Äôre at an academic conference and more than two sig figs are on the paper slides for no good reason whatsoever #eppsensestingling #orjustextendedqualsptsd,High
566,12874079465127791547,9.0,"Our wedding day, beautifully captured by Jamie Lied! #helockedatraut",High
569,12910863550241607318,8.333333333333334,"Stuff that‚Äôs happened since we got to Iowa City last night:  walked past Dan Gable in hotel lobby, coffee a table away from Zeke Jones, talked to Spencer Lee at Panera!  Annnd just fist-bumped Mike Zadick.",High
571,12971652107468080963,10.0,It was a great weekend spent with family and friends! Love you all and thank you for all the Mother‚Äôs day wishes!,High
572,12971652107468080963,8.0,Enjoyed spending the day with Anthony and his class! We made it to the top of Green Mountain!!!,High
573,12971652107468080963,10.0,My bosses are the sweetest!,High
575,12971652107468080963,9.0,Holiday‚Äôs are not the same without friends and family! Somehow we managed to find some joy this 4th of July!  Love and miss you all.,High
579,13094498676145090523,8.75,"A little after the fact, but for any family or friends who were curious about how I did it I wrote a little piece about how I proposed to Kass :).",High
580,13099943977610731220,9.5,One of my most favorite vacations!  Caught my 1st Sailfish on this one.,High
581,13145333240889291264,8.0,"This has been an awesome first project to help bring to market on the Garmin Marine Team. If you fish you need to check out LiveScope, it's a game changer!",High
582,13146988918954476898,9.166666666666666,Cab & Coffee. #weddingdrinks üç∑‚òïÔ∏è,High
583,13146988918954476898,9.166666666666666,"Another year, another birthday with this special human! You drive me crazy in more ways than one, but I wouldn‚Äôt give it up for anything. Thank you for always being you, no matter what anyone says or how many people tell you you‚Äôre wrong. Your passion is what defines you! Here‚Äôs to us making this year the best yet! Love you Marco ‚ù§Ô∏è",High
584,13181116832082595174,8.166666666666666,I love that we can say ‚ÄòYes!‚Äô when a new friend asks if we can babysit their slow donkey for a few weeks while they train their fast donkeys for the upcoming burro  racing season.. http://www.packburroracing.com,High
585,13181116832082595174,8.0,"We just left Michael at college and I am so happy and excited for him but will miss him so much!   As we drove away and transitioned to a new stage in our lives, I had to remind myself to not be sad for the transition but that this is what it‚Äôs all about, and that I always love the stage we‚Äôre in the best!  . This isn‚Äôt the end, just another beginning.",High
587,13206448200882729449,8.2,Looking for recommendations on a reliable and affordable contractor or company to do siding and/or roofing and possibly a room add-on. And...go!,High
588,13213502524124869926,9.4,"So,  I'm going on a social media  detox break.  If there is anything that I need to know, please use an alternate form of communication.",High
595,13312323589784136826,11.0,"We enjoyed an Amazing adventure of railroading and appreciating travel from a bygone era. This railroad was built in 1881 and our train was powered by a locomotive steam engine. The geography was beautiful from sagebrush meadows in Antonio, CO through rocky gorges to pine and aspen filled mountains in Chama, NM. We crossed the CO-NM border 11 times and the rare places we saw people they stopped to wave. A fun adventure shared w family!",High
600,13312323589784136826,9.5,"As a Jimmy Buffet fan, I was delighted to find Margaritaville - Cheeseburgers in Paradise Island!",High
601,13312323589784136826,8.5,"My kinda town, Chicago is!! Getting my fill of culture and remembering my days as a city girl. Fun w Kelly Kita!",High
602,13312323589784136826,9.3,Chicago is my kind of people - like Diane Leonard Grayczyk and Lynda Houston! Great day at Millennium park and Art Institute.,High
603,13312323589784136826,9.3,Fabulous Finale seeing friends and family in Chicago.,High
604,13327145282388648229,8.25,"As of today, I actually own my car. üòé",High
605,13339207273792338820,8.0,We made it!!. There''s still snow up here..,High
606,13346780717560972831,8.75,"Yesterday I took the scenic route to Steamboat, passing through RMNP on Trail Ridge. I got breakfast at the Donut Haus, as everyone should, and enjoyed the scenery!",High
607,13346780717560972831,8.75,I especially enjoyed some time on the (very windy) Tundra Communities Trail and other stops along Trail Ridge.,High
610,13414464449913705666,8.0,Maylina Deleon 8th grade graduation!,High
611,13414464449913705666,8.0,This is me today! Chicago bound for Cubs game and all day drinking üòâüòâüòâ,High
612,13446051648229700946,8.4,The beginning of a beautiful friendship. Miss you tots.,High
614,13479257413590616489,8.333333333333334,"Ran the Garmin Marathon 10k and apparently won my age group (it pays to get old).  Great event, really proud of the group I work with.",High
615,13491403714608340181,9.333333333333334,Anniversary dinner ‚ù§Ô∏è,High
616,13491403714608340181,9.333333333333334,Finally made it by the pool to check on Johnna,High
617,13491403714608340181,9.333333333333334,Anniversary Hula Pie!,High
618,13491403714608340181,9.333333333333334,View from our room,High
619,13491403714608340181,9.333333333333334,View from the pool,High
620,13491403714608340181,9.333333333333334,View from the lounge,High
621,13491403714608340181,9.333333333333334,View from our room this morning. Thank you God for the beautiful day!,High
622,13491403714608340181,9.333333333333334,Sunset on our last night,High
623,13491403714608340181,9.333333333333334,Bye San Diego!  It was fun!,High
624,13491403714608340181,8.666666666666666,For my 30th stay (that is 30th stay not 30th night) the Arctic Club bought me dinner in the hotel restaurant!  Thank you Arctic Club!,High
625,13491403714608340181,8.666666666666666,Very nice Business Class seat!  My first International trip alone. Where‚Äôs Johnna when I need her?!,High
626,13491403714608340181,8.666666666666666,BA Business Class not quite as nice as AA Business Class,High
637,13491403714608340181,9.0,Beautiful sunset on the pool deck!,High
638,13491403714608340181,9.0,See you up close in a few weeks Mt. Rainier!,High
639,13491403714608340181,9.0,Sunset at the airport,High
652,13538724873795897684,9.5,"Charleston never fails me. So thankful for a weekend spent with friends and for getting to meet my new goddaughter and see my godson. Note to self: go to Charleston more often. @ Charleston, South Carolina",High
653,13543308681200334026,9.0,Sharks are awesome!!! Hope to see some in Jamaica in a few weeks.,High
654,13543308681200334026,8.9,"Emily off to NYC, Allison at PineCove. Is this what an empty nest feels like?",High
655,13543308681200334026,8.9,Early dinner with mom and dad while everyone else is away.,High
656,13543308681200334026,8.5,"üõ´ to sea, sand and scuba",High
657,13543308681200334026,8.5,One more 4 day trip before vacation,High
658,13543308681200334026,8.5,2 days hosting my All Hands Meeting. Setting the stage for a great FY 19,High
659,13543308681200334026,9.75,Beautiful Jamaican sunrise today,High
660,13543308681200334026,9.75,"Saddened by the state of the reefs and wildlife here in Jamaica. Lack of conservation and over fishing has taken a tremendous toll, at least on the reefs over by Ocho Rios. They are taking measures, but will take considerable time for improvement.",High
661,13543308681200334026,9.75,"11,037,600 minutes of wedded bliss. Thank you Caroline Morse Blackwell for the past 21 years. Looking forward to many more, cannot imagine life without you. Happy Anniversary. Love you.",High
662,13543308681200334026,8.5,Had some fun with Emily Blackwell in Jamaica with our Baylor Line jerseys. Mine sure fit a little better 30 years ago. #sicem #Baylor,High
663,13543308681200334026,8.5,Family service project before Emily heads to Baylor.,High
664,13543308681200334026,8.5,Certification Sunday,High
665,13543308681200334026,8.2,Will be celebrating my Grandmothers 100th birthday in a few weeks. Will be a great family reunion.,High
666,13543308681200334026,8.2,Obligatory first day of school picture. Both are Freshmen this year.,High
667,13543308681200334026,8.2,"First stop, London",High
668,13543308681200334026,8.2,üõ´ to LHR,High
669,13543308681200334026,8.2,üõ´ HYD,High
671,13543308681200334026,8.5,"Mission Beach, San Diego, CA",High
672,13543308681200334026,8.5,Off to San Diego for an awesome family gathering to celebrate my grandmother‚Äôs 100th birthday.,High
673,13543308681200334026,8.25,"Back to Cali. This time, all business.",High
674,13543308681200334026,8.25,All good things must come to an end. Great time with family this week.,High
675,13562108969902129474,8.0,Steamboat Springs... You are too much beauty...,High
678,13627757931948708919,8.0,Lunch with best friends‚Äô families.  We ran into Caroline‚Äôs roommate‚Äôs Family on the way down to St Louis. What are the odds?,High
679,13627757931948708919,8.0,New grads.,High
680,13627757931948708919,8.0,Waffles for breakfast with Pappy!  (All 5 grandkids in frame)  Then off to commencement!,High
681,13637401405284044305,9.0,Senior prom! Jackson Anton,High
682,13637401405284044305,9.0,Went to my first hootenanny last night! Raising River Band was fantastic!,High
683,13637401405284044305,8.833333333333334,We have a graduate! Congrats Jackson Anton!,High
684,13637401405284044305,8.833333333333334,My last day watching Jackson Anton play youth soccer. The end of an era!,High
685,13675106676966492770,8.666666666666666,Little hill country getaway with my sweets,High
686,13675524557236069348,9.166666666666666,"25 years ago today this amazing human came into the world. One year ago today he gave me a ring pop and asked me to be his forever. 32 days from today we'll say 'I Do', and I'll spend the rest of my life thanking God for this man, and for the trivia night that led him to me. Happy Birthday my love üíôüíö I can't wait for our forever adventure to begin! #SaadNoMore #ReadySetRieman",High
687,13675524557236069348,9.166666666666666,True love is helping build a cardboard fort in the living room so that I can watch me all time favorite stupid movie: Fired Up! I def found a keeper y'all üòÅ #SaadNoMore #ReadySetRieman,High
